{"mean": [1.6420150197348928, 8.99513852224245, 1.499384846870157, 1.1873772284821387, 1.9677303714939625, 1.8658137030999085, 41.9008658478444, 1.9923243033649913, 1.8804444709987918, 1.9858862289832842, 1.9702690212785674, 1.9866873302841899, 1.8442046966240349, 1.9735478057506148, 1.9803516798131007, 1.8465482532455577, 1.982014849028375, 1.9193350737269257, 5.291610628187792, 1.983890182058501], "scale": [0.47940769097887653, 3.722148480705239, 0.49999962158648364, 0.39021404732337744, 0.17671530658695034, 0.3408523648507255, 16.765297713819535, 0.08727416751923821, 0.32444106473510653, 0.11796004613598428, 0.16984418631704262, 0.11460995829703446, 0.3626611735793566, 0.16047577907203928, 0.13878855752810584, 0.3604224024286682, 0.13289727354672395, 0.27231984125736014, 1.8893493660197171, 0.12589794163285845]}